<?xml version="1.0" encoding="UTF-8"?>
<feature
      id="org.epitest.feature"
      label="Epitest - Feature"
      version="0.0.2.qualifier">

   <description url="http://www.example.com/description">
      [Enter Feature Description here.]
   </description>

   <copyright url="http://www.example.com/copyright">
      [Enter Copyright Description here.]
   </copyright>

   <license url="http://www.example.com/license">
      [Enter License Description here.]
   </license>

   <requires>
      <import plugin="org.eclipse.ui"/>
      <import plugin="org.eclipse.core.runtime"/>
      <import plugin="org.eclipse.jdt.launching"/>
      <import plugin="org.eclipse.debug.ui"/>
      <import plugin="org.eclipse.jdt.debug.ui"/>
      <import plugin="org.eclipse.jdt.core"/>
      <import plugin="org.eclipse.jdt.ui"/>
      <import plugin="org.eclipse.jface.text" version="3.9.1" match="greaterOrEqual"/>
      <import plugin="org.junit" version="4.11.0" match="greaterOrEqual"/>
   </requires>

   <plugin
         id="com.google.guava"
         download-size="0"
         install-size="0"
         version="0.0.0"
         unpack="false"/>

   <plugin
         id="org.epitest"
         download-size="0"
         install-size="0"
         version="0.0.0"
         unpack="false"/>

</feature>
